key,key:contract,recordId,completenessPercentage,progressComment,registrationMoment,responsiblePerson
# CompletenessPercentage check
progress-log-00,contract-00,PG-A-1234,0.00,Fixed bug in user registration process.,2019/11/11 11:11,Sarah Johnson
progress-log-01,contract-00,PG-BH-5678,0.01,Implemented multi-language support.,2019/11/12 11:11,Michael Smith
progress-log-02,contract-00,PG-C-9012,0.99,Enhanced security with encryption.,2019/11/13 11:11,Emily Brown
progress-log-03,contract-00,PG-HD-3456,1.0,Streamlined data import/export.,2019/11/14 11:11,David Wilson
# progressComment check
progress-log-04,contract-01,PG-F-2345,0.34,L,1995/05/05 09:30,Christopher Taylor
progress-log-05,contract-02,PG-GY-6789,0.03,LO,2003/09/18 15:45,Jessica Martinez
progress-log-06,contract-02,PG-H-0123,0.15,"Lorem ipsum dolor sit amet,consectetur adipiscing elit,sed do eiusmod tempor incididunt ut laboreee",2003/09/19 15:45,Daniel Anderson
progress-log-07,contract-02,PG-I-4567,0.66,"Lorem ipsum dolor sit amet,consectetur adipiscing elit,sed do eiusmod tempor incididunt ut laboreeee",2003/09/20 15:45,Amanda Thomas
progress-log-08,contract-03,PG-JR-8901,0.09,<h1>!</h1>,1998/11/23 11:20,Matthew Garcia
progress-log-09,contract-03,PG-K-2345,0.43,' or 'A'='A,1998/11/24 11:20,Samantha White
progress-log-10,contract-03,PG-L-6789,0.54,국민경제의 발전을,1998/11/25 11:20,Robert Rodriguez
progress-log-11,contract-03,PG-M-0123,0.78,العظمى واعتلاء,1998/11/26 11:20,Ashley Clark
# registrationMoment check
progress-log-12,contract-03,PG-NE-4567,0.83,Resolved performance bottleneck in search feature.,1998/11/27 11:20,William Martinez
# responsiblePerson check
progress-log-13,contract-04,PG-O-8901,0.22,Implemented caching mechanism for faster loading.,2005/07/09 18:55,L
progress-log-14,contract-04,PG-P-2345,0.25,Deployed continuous integration pipeline.,2005/07/10 18:55,LO
progress-log-15,contract-04,PG-Q-6789,0.35,Added user-friendly tooltips for guidance.,2005/07/11 18:55,"Lorem ipsum dolor sit amet,consectetur adipiscing elit,sed do eiusmod temp"
progress-log-16,contract-04,PG-R-0123,0.44,Optimized memory usage for scalability.,2005/07/12 18:55,"Lorem ipsum dolor sit amet,consectetur adipiscing elit,sed do eiusmod tempo"
progress-log-17,contract-05,PG-SE-4567,0.67,Improved accessibility compliance.,2012/12/13 10:00,<h1>!</h1>
progress-log-18,contract-05,PG-SE-4568,0.77,Resolved cross-browser compatibility issues.,2012/12/14 10:00,' or 'A'='A
progress-log-19,contract-05,PG-SE-4569,0.87,Implemented automated backup system.,2012/12/15 10:00,국민경제의 발전을
progress-log-20,contract-05,PG-SE-4570,0.97,Enhanced security with encryption.,2012/12/16 10:00,العظمى واعتلاء
